compound,dataset,actual,predicted
Cr0.2Co0.8O,Train,8.74273,8.584153
Cr0.5Co0.5O,Train,8.3858,7.9361377
Fe0.1Co0.9O,Train,8.37598,9.5753765
Fe0.2Co0.8O,Train,8.322389999999999,8.606687
Cr0.2Mo0.8N,Train,4.7111,4.766036
Fe0.2Mo0.8N,Train,8.6548,12.116636
Fe0.5Mo0.5N,Train,11.24325,14.137602
Mn0.2Mo0.8N,Train,17.3859,16.054422
Mn0.5Mo0.5N,Train,18.0213,16.06678
Ni0.1Mo0.9N,Train,4.9403,4.634843
Ni0.2Mo0.8N,Train,4.8851,4.100094
Ni0.5Mo0.5N,Train,6.0858,6.0501833
Fe0.6Co2.4O4,Train,8.3793,8.819226
Fe1.5Co1.5O4,Train,8.26168,9.261356
Ni1.5Co1.5O4,Train,7.2275,7.0843287
Ag0.15Co2.85O4,Train,8.04931,8.25214
Ag0.3Co2.7O4,Train,8.11686,8.67608
Ag0.6Co2.4O4,Train,8.3566,8.198719
In0.15Co2.85O4,Train,10.121,9.687702
In0.6Co2.4O4,Train,10.1342,10.354386
Mn0.6Co2.4O4,Train,8.24875,8.924146
Pt0.6Co2.4O4,Train,3.9329,4.4706373
Ru0.3Co2.7O4,Train,3.10186,3.5908484
Cr1.5Mo1.5N2,Train,13.5987,11.960279
Fe0.6Mo2.4N2,Train,4.3028,4.8692145
Ni0.6Mo2.4N2,Train,6.5987,5.304935
Ni1.5Mo1.5N2,Train,6.6143,5.0049195
Ag0.05W0.95N,Train,3.933,4.503805
Ag0.2W0.8N,Train,4.0883,5.428743
Co0.1Mo0.9S2,Train,5.5921,6.375475
Co0.2Mo0.8S2,Train,5.5856,7.0171103
In0.1Mo0.9S2,Train,31.8259,24.215347
In0.2Mo0.8S2,Train,31.7051,26.968927
Pt0.15Mo2.85N2,Train,3.9295,5.836134
Pd0.15Mo2.85N2,Train,3.9137,5.1262913
Ag0.05V0.95N,Train,4.0907,4.295969
Ag0.1V0.9N,Train,4.09,4.43511
Ag0.2V0.8N,Train,4.0847,4.548703
Pd0.05V0.95N,Train,3.9524,4.295969
Pd0.1V0.9N,Train,3.93617,4.295969
Ru0.1V0.9N,Train,4.30227,4.4046016
Ag0.1Ni0.9S,Train,7.7949,7.9345284
Ag0.2Ni0.8S,Train,7.3705,7.426943
Co0.1Ni0.9S,Train,9.3786,8.813488
In0.05Ni0.95S,Train,7.866219999999998,8.124078
In0.1Ni0.9S,Train,7.94907,8.007308
In0.2Ni0.8S,Train,7.9731,8.293515
In0.3Co2.7O4,Test,10.1153,9.766553
Ru0.6Co2.4O4,Test,3.13295,4.1402054
Ag0.1W0.9N,Test,4.0904,4.4604015
Pt0.3Mo2.7N2,Test,3.9235,5.226955
Pd0.3Mo2.7N2,Test,3.8283,5.105276
Ag0.05Ni0.95S,Test,8.0519,8.355239
Co0.05Ni0.95S,Test,9.508,8.813488
Co0.2Ni0.8S,Test,9.3653,8.002081
